insert into flights (flight_id,arrival_airportiatacode,departure_airportiatacode,departure_date,flight_number) values (1, 'GDN', 'LAX', '2020-06-06 00:00:00', 'AB111');
insert into flights (flight_id,arrival_airportiatacode,departure_airportiatacode,departure_date,flight_number) values (2, 'KRK', 'LAX', '2020-06-06 00:00:00', 'AB222');
insert into flights (flight_id,arrival_airportiatacode,departure_airportiatacode,departure_date,flight_number) values (3, 'PPX', 'LAX', '2020-06-06 00:00:00', 'AB333');
insert into flights (flight_id,arrival_airportiatacode,departure_airportiatacode,departure_date,flight_number) values (4, 'LAX', 'ANC', '2020-06-06 00:00:00', 'AB444');
insert into flights (flight_id,arrival_airportiatacode,departure_airportiatacode,departure_date,flight_number) values (5, 'KRK', 'ANC', '2020-06-07 00:00:00', 'AB555');
insert into flights (flight_id,arrival_airportiatacode,departure_airportiatacode,departure_date,flight_number) values (6, 'ANC', 'GDN', '2020-06-07 00:00:00', 'AB666');
insert into flights (flight_id,arrival_airportiatacode,departure_airportiatacode,departure_date,flight_number) values (7, 'LAX', 'KRK', '2020-06-07 00:00:00', 'AB777');
insert into flights (flight_id,arrival_airportiatacode,departure_airportiatacode,departure_date,flight_number) values (8, 'ANC', 'KRK', '2020-06-06 00:00:00', 'AB888');
insert into flights (flight_id,arrival_airportiatacode,departure_airportiatacode,departure_date,flight_number) values (9, 'LAX', 'YYZ', '2020-06-07 00:00:00', 'AB999');
insert into flights (flight_id,arrival_airportiatacode,departure_airportiatacode,departure_date,flight_number) values (10, 'GDN', 'LAX', '2020-06-07 00:00:00', 'AB000');

insert into cargoes (cargoentity_id, flight_id) values (1, 1);
insert into cargoes (cargoentity_id, flight_id) values (2, 2);
insert into cargoes (cargoentity_id, flight_id) values (3, 3);
insert into cargoes (cargoentity_id, flight_id) values (4, 4);
insert into cargoes (cargoentity_id, flight_id) values (5, 5);
insert into cargoes (cargoentity_id, flight_id) values (6, 6);
insert into cargoes (cargoentity_id, flight_id) values (7, 7);
insert into cargoes (cargoentity_id, flight_id) values (8, 8);
insert into cargoes (cargoentity_id, flight_id) values (9, 9);
insert into cargoes (cargoentity_id, flight_id) values (10, 10);

insert into baggage (baggage_id, pieces, weight , weight_unit, cargoentity_id) values (1, 123, 2333, 'KG', 1);
insert into baggage (baggage_id, pieces, weight , weight_unit, cargoentity_id) values (2, 123, 2333, 'LB', 1);
insert into baggage (baggage_id, pieces, weight , weight_unit, cargoentity_id) values (3, 32, 23, 'LB', 1);
insert into baggage (baggage_id, pieces, weight , weight_unit, cargoentity_id) values (4, 27, 53, 'KG', 1);
insert into baggage (baggage_id, pieces, weight , weight_unit, cargoentity_id) values (5, 32, 133, 'KG', 2);
insert into baggage (baggage_id, pieces, weight , weight_unit, cargoentity_id) values (6, 423, 33323, 'KG', 3);
insert into baggage (baggage_id, pieces, weight , weight_unit, cargoentity_id) values (7, 10321, 7983, 'KG', 4);
insert into baggage (baggage_id, pieces, weight , weight_unit, cargoentity_id) values (8, 1032, 13204, 'KG', 5);
insert into baggage (baggage_id, pieces, weight , weight_unit, cargoentity_id) values (9, 103, 2313, 'KG', 6);
insert into baggage (baggage_id, pieces, weight , weight_unit, cargoentity_id) values (10, 58, 1133, 'KG', 7);
insert into baggage (baggage_id, pieces, weight , weight_unit, cargoentity_id) values (11, 695, 5654, 'KG', 8);
insert into baggage (baggage_id, pieces, weight , weight_unit, cargoentity_id) values (12, 990, 8785, 'KG', 9);
insert into baggage (baggage_id, pieces, weight , weight_unit, cargoentity_id) values (13, 1, 10, 'KG', 10);
insert into baggage (baggage_id, pieces, weight , weight_unit, cargoentity_id) values (14, 54, 333, 'KG', 2);
insert into baggage (baggage_id, pieces, weight , weight_unit, cargoentity_id) values (15, 176, 2646, 'KG', 4);
insert into baggage (baggage_id, pieces, weight , weight_unit, cargoentity_id) values (16, 276, 1777, 'KG', 6);
insert into baggage (baggage_id, pieces, weight , weight_unit, cargoentity_id) values (17, 444, 2315, 'KG', 8);

insert into cargo (cargo_id, pieces, weight , weight_unit, cargoentity_id) values (1, 12, 333, 'KG', 1);
insert into cargo (cargo_id, pieces, weight , weight_unit, cargoentity_id) values (2, 123, 2333, 'LB', 1);
insert into cargo (cargo_id, pieces, weight , weight_unit, cargoentity_id) values (3, 32, 23, 'LB', 1);
insert into cargo (cargo_id, pieces, weight , weight_unit, cargoentity_id) values (4, 27, 53, 'KG', 1);
insert into cargo (cargo_id, pieces, weight , weight_unit, cargoentity_id) values (5, 32, 133, 'KG', 2);
insert into cargo (cargo_id, pieces, weight , weight_unit, cargoentity_id) values (6, 423, 33323, 'KG', 3);
insert into cargo (cargo_id, pieces, weight , weight_unit, cargoentity_id) values (7, 10321, 7983, 'KG', 4);
insert into cargo (cargo_id, pieces, weight , weight_unit, cargoentity_id) values (8, 1032, 13204, 'KG', 5);
insert into cargo (cargo_id, pieces, weight , weight_unit, cargoentity_id) values (9, 103, 2313, 'KG', 6);
insert into cargo (cargo_id, pieces, weight , weight_unit, cargoentity_id) values (10, 58, 1133, 'KG', 7);
insert into cargo (cargo_id, pieces, weight , weight_unit, cargoentity_id) values (11, 695, 5654, 'KG', 8);
insert into cargo (cargo_id, pieces, weight , weight_unit, cargoentity_id) values (12, 990, 8785, 'KG', 9);
insert into cargo (cargo_id, pieces, weight , weight_unit, cargoentity_id) values (13, 1, 10, 'KG', 10);
insert into cargo (cargo_id, pieces, weight , weight_unit, cargoentity_id) values (14, 54, 333, 'KG', 2);
insert into cargo (cargo_id, pieces, weight , weight_unit, cargoentity_id) values (15, 176, 2646, 'KG', 4);
insert into cargo (cargo_id, pieces, weight , weight_unit, cargoentity_id) values (16, 276, 1777, 'KG', 6);
insert into cargo (cargo_id, pieces, weight , weight_unit, cargoentity_id) values (17, 444, 2315, 'KG', 8);
